Date,Price,Open,High,Low,Vol.,Change %,Volume
3/8/2021,"2,326.41","2,193.95","2,326.41","2,189.89",0.82K,6.04%,820
3/7/2021,"2,193.95","2,094.08","2,193.95","2,094.08",0.60K,4.77%,600
3/6/2021,"2,094.08","1,942.54","2,094.08","1,942.54",0.35K,7.80%,350
3/5/2021,"1,942.54","1,956.06","1,958.62","1,882.56",0.41K,-0.69%,410
3/4/2021,"1,956.06","1,999.00","2,007.19","1,956.06",0.64K,-2.15%,640
3/3/2021,"1,999.00","1,891.50","2,036.87","1,891.50",0.87K,5.68%,870
3/2/2021,"1,891.50","1,995.00","1,995.00","1,891.50",0.64K,-5.19%,640
3/1/2021,"1,995.00","1,811.52","1,995.00","1,811.52",0.94K,10.13%,940
2/28/2021,"1,811.52","1,871.30","1,871.30","1,735.94",1.39K,-3.19%,1390
2/27/2021,"1,871.30","1,849.91","1,941.39","1,849.91",0.56K,1.16%,560
2/26/2021,"1,849.91","1,854.54","1,954.29","1,849.91",1.05K,-0.25%,1050
2/25/2021,"1,854.54","2,033.61","2,033.61","1,854.54",0.73K,-8.81%,730
2/24/2021,"2,033.61","1,985.04","2,159.99","1,985.04",1.67K,2.45%,1670
2/23/2021,"1,985.04","2,247.82","2,247.82","1,888.00",2.74K,-11.69%,2740
2/22/2021,"2,247.82","2,438.79","2,438.79","2,247.82",2.56K,-7.83%,2560
2/21/2021,"2,438.79","2,430.94","2,456.89","2,430.94",0.64K,0.32%,640
2/20/2021,"2,430.94","2,479.88","2,551.10","2,430.94",1.81K,-1.97%,1810
2/19/2021,"2,479.88","2,447.72","2,479.88","2,433.06",0.97K,1.31%,970
2/18/2021,"2,447.72","2,341.06","2,470.00","2,341.06",0.80K,4.56%,800
2/17/2021,"2,341.06","2,267.79","2,341.06","2,245.82",0.61K,3.23%,610
2/16/2021,"2,267.79","2,255.87","2,284.61","2,255.87",0.51K,0.53%,510
2/15/2021,"2,255.87","2,301.19","2,301.19","2,255.87",0.91K,-1.97%,910
2/14/2021,"2,301.19","2,322.44","2,344.99","2,301.19",0.55K,-0.91%,550
2/13/2021,"2,322.44","2,339.30","2,369.59","2,295.09",0.82K,-0.72%,820
2/12/2021,"2,339.30","2,267.78","2,339.30","2,265.44",1.23K,3.15%,1230
2/11/2021,"2,267.78","2,223.13","2,267.78","2,200.19",0.79K,2.01%,790
2/10/2021,"2,223.13","2,246.68","2,262.05","2,192.30",1.33K,-1.07%,1330
2/9/2021,"2,247.08","2,219.99","2,247.08","2,209.89",1.22K,1.22%,1220
2/8/2021,"2,219.99","2,072.01","2,219.99","2,024.99",1.41K,7.14%,1410
2/7/2021,"2,072.01","2,148.70","2,148.70","2,010.36",1.17K,-3.69%,1170
2/6/2021,"2,151.41","2,201.10","2,201.10","2,143.14",0.90K,-2.26%,900
2/5/2021,"2,201.10","2,051.45","2,228.88","2,051.45",1.06K,7.29%,1060
2/4/2021,"2,051.45","2,119.66","2,119.66","2,010.00",1.23K,-3.22%,1230
2/3/2021,"2,119.66","1,930.26","2,119.66","1,930.26",3.16K,9.81%,3160
2/2/2021,"1,930.26","1,760.07","1,930.26","1,760.07",2.30K,9.67%,2300
2/1/2021,"1,760.07","1,692.07","1,760.07","1,692.07",0.84K,4.02%,840
1/31/2021,"1,692.07","1,772.90","1,772.90","1,689.07",0.79K,-4.56%,790
1/30/2021,"1,772.90","1,773.81","1,773.81","1,720.14",0.51K,-0.05%,510
1/29/2021,"1,773.81","1,710.87","1,820.25","1,710.87",1.14K,3.68%,1140
1/28/2021,"1,710.87","1,600.20","1,710.87","1,600.20",0.65K,6.92%,650
1/27/2021,"1,600.20","1,727.22","1,727.22","1,600.20",1.16K,-7.35%,1160
1/26/2021,"1,727.22","1,686.85","1,727.22","1,639.56",1.58K,2.39%,1580
1/25/2021,"1,686.85","1,773.70","1,776.18","1,686.85",2.21K,-4.90%,2210
1/24/2021,"1,773.70","1,566.53","1,773.70","1,566.53",0.93K,13.22%,930
1/23/2021,"1,566.53","1,572.85","1,572.85","1,549.43",0.42K,-0.40%,420
1/22/2021,"1,572.85","1,418.91","1,572.85","1,418.91",2.12K,10.85%,2120
1/21/2021,"1,418.91","1,742.38","1,742.38","1,418.91",1.73K,-18.56%,1730
1/20/2021,"1,742.38","1,738.00","1,768.39","1,610.62",1.34K,0.01%,1340
1/19/2021,"1,742.22","1,605.42","1,764.00","1,605.42",3.66K,8.52%,3660
1/18/2021,"1,605.42","1,582.20","1,605.42","1,562.63",0.81K,1.47%,810
1/17/2021,"1,582.20","1,571.02","1,610.76","1,540.55",0.97K,0.71%,970
1/16/2021,"1,571.02","1,487.69","1,593.41","1,487.69",1.12K,5.60%,1120
1/15/2021,"1,487.69","1,550.00","1,550.00","1,464.04",1.23K,-4.02%,1230
1/14/2021,"1,550.00","1,449.77","1,575.53","1,400.00",2.11K,6.91%,2110
1/13/2021,"1,449.77","1,337.34","1,449.77","1,337.34",1.58K,8.41%,1580
1/12/2021,"1,337.34","1,398.95","1,471.33","1,337.34",1.68K,-4.40%,1680
1/11/2021,"1,398.95","1,575.00","1,575.00","1,236.11",4.37K,-11.27%,4370
1/10/2021,"1,576.67","1,625.40","1,694.21","1,576.67",2.83K,-3.00%,2830
1/9/2021,"1,625.40","1,541.62","1,625.40","1,541.62",1.67K,5.43%,1670
1/8/2021,"1,541.62","1,555.76","1,555.76","1,541.62",1.75K,-0.91%,1750
1/7/2021,"1,555.76","1,410.99","1,555.76","1,410.99",2.76K,10.26%,2760
1/6/2021,"1,410.99","1,349.98","1,410.99","1,349.98",1.77K,4.52%,1770
1/5/2021,"1,349.99","1,275.88","1,349.99","1,192.90",3.47K,7.36%,3470
1/4/2021,"1,257.42","1,194.86","1,288.00","1,184.30",3.38K,5.24%,3380
1/3/2021,"1,194.86",931.7,"1,194.86",931.7,3.64K,28.25%,3640
1/2/2021,931.7,912.83,962.92,912.83,0.87K,2.07%,870
1/1/2021,912.83,928.76,938.53,911.15,0.57K,-1.72%,570
12/31/2020,928.76,960.44,960.44,926.84,0.74K,-3.30%,740
12/30/2020,960.44,942.27,960.44,916.54,1.11K,1.93%,1110
12/29/2020,942.27,943.13,943.13,908.05,0.73K,-0.09%,730
12/28/2020,943.13,876.6,953.99,876.6,0.92K,7.59%,920
12/27/2020,876.6,821.84,885,821.84,1.77K,6.66%,1770
12/26/2020,821.84,812.07,821.84,812.07,0.52K,1.20%,520
12/25/2020,812.07,790.8,812.07,787.65,0.55K,2.69%,550
12/24/2020,790.8,754.05,790.8,747.79,0.45K,4.87%,450
12/23/2020,754.05,821.94,821.94,754.05,0.66K,-8.26%,660
12/22/2020,821.94,785.15,821.94,776.73,0.47K,4.69%,470
12/21/2020,785.15,795.06,795.06,781.21,0.65K,-1.25%,650
12/20/2020,795.06,838.61,838.61,790.03,0.32K,-5.19%,320
12/19/2020,838.61,841.84,846.07,838.61,0.66K,-0.38%,660
12/18/2020,841.84,822.82,841.84,810.78,0.37K,2.31%,370
12/17/2020,822.82,819.73,838,819.73,2.00K,0.38%,2000
12/16/2020,819.73,748.4,819.73,748.4,1.02K,9.53%,1020
12/15/2020,748.4,751.72,751.72,744.04,0.37K,-0.44%,370
12/14/2020,751.72,756.52,756.52,738.25,0.19K,-0.63%,190
12/13/2020,756.52,730.69,757.33,728.95,0.27K,3.54%,270
12/12/2020,730.69,698.65,730.69,698.65,0.18K,4.59%,180
12/11/2020,698.65,718.82,718.82,698.65,0.43K,-2.81%,430
12/10/2020,718.82,740,740,718.82,0.39K,-2.86%,390
12/9/2020,740,716.73,740,709.25,0.60K,3.25%,600
12/8/2020,716.73,760.82,760.82,716.73,0.53K,-5.80%,530
12/7/2020,760.82,773.49,773.49,760.82,0.20K,-1.64%,200
12/6/2020,773.49,764.64,775,760.26,0.18K,1.16%,180
12/5/2020,764.64,730.83,765.3,730.83,0.36K,4.63%,360
12/4/2020,730.83,798.29,798.29,730.83,0.37K,-8.45%,370
12/3/2020,798.29,784.26,798.29,783.61,0.40K,1.79%,400
12/2/2020,784.26,765.84,784.26,765.84,0.42K,2.41%,420
12/1/2020,765.84,801,801,765.84,0.84K,-4.39%,840
11/30/2020,801,752.16,801,752.16,1.02K,6.49%,1020
11/29/2020,752.16,708.93,752.16,708.93,0.32K,6.10%,320
11/28/2020,708.93,677.16,719.48,674.93,0.45K,4.69%,450
11/27/2020,677.16,677.86,677.86,662.45,0.63K,-0.10%,630
11/26/2020,677.86,746.01,746.01,653.1,1.96K,-9.14%,1960
11/25/2020,746.01,787.54,787.54,746.01,0.87K,-5.27%,870
11/24/2020,787.54,796.53,806.33,776.56,1.21K,-1.13%,1210
11/23/2020,796.53,733.99,796.53,733.99,1.22K,8.52%,1220
11/22/2020,733.99,723.98,733.99,687.16,1.52K,1.38%,1520
11/21/2020,723.98,668.5,723.98,668.5,1.47K,8.30%,1470
11/20/2020,668.5,622.93,668.5,622.93,0.73K,7.32%,730
11/19/2020,622.93,631.18,631.18,611.21,0.43K,-1.31%,430
11/18/2020,631.18,636.8,636.8,619.6,0.73K,-0.88%,730
11/17/2020,636.8,609.07,636.8,609.07,1.04K,4.55%,1040
11/16/2020,609.07,595.56,609.07,594.83,0.22K,2.27%,220
11/15/2020,595.56,615.04,615.04,595.56,0.33K,-3.17%,330
11/14/2020,615.04,629.99,629.99,615.04,0.61K,-2.37%,610
11/13/2020,629.99,612.49,629.99,612.49,0.46K,2.86%,460
11/12/2020,612.49,608.52,612.49,604.57,0.38K,0.65%,380
11/11/2020,608.52,591.29,608.52,591.29,0.52K,2.91%,520
11/10/2020,591.29,580.5,591.29,580.2,0.42K,1.86%,420
11/9/2020,580.5,592.56,592.78,579.55,0.36K,-2.04%,360
11/8/2020,592.56,569.85,592.56,569.35,0.33K,3.99%,330
11/7/2020,569.85,599.05,599.05,569.85,0.84K,-4.87%,840
11/6/2020,599.05,546.67,599.05,546.67,0.62K,9.58%,620
11/5/2020,546.67,530.66,549.99,524.85,0.58K,3.02%,580
11/4/2020,530.66,509.08,530.66,504.6,0.26K,4.24%,260
11/3/2020,509.08,511.78,511.78,500.81,0.22K,-0.53%,220
11/2/2020,511.78,530.86,533.54,511.78,0.39K,-3.59%,390
11/1/2020,530.86,515.59,530.86,515.59,0.20K,2.96%,200
10/31/2020,515.59,513.24,516.71,513.24,0.16K,0.46%,160
10/30/2020,513.24,516.94,516.94,507.08,0.53K,-0.72%,530
10/29/2020,516.94,517.85,520.52,516.94,0.16K,-0.18%,160
10/28/2020,517.85,531.33,531.33,517.85,0.36K,-2.54%,360
10/27/2020,531.33,519.74,531.33,516.23,0.67K,2.23%,670
10/26/2020,519.74,535.69,535.69,519.74,0.25K,-2.98%,250
10/25/2020,535.69,543.22,543.22,533.55,0.20K,-1.39%,200
10/24/2020,543.22,540.88,543.36,540.88,0.31K,0.43%,310
10/23/2020,540.88,549.23,549.23,534.34,0.54K,-1.52%,540
10/22/2020,549.23,517.84,549.23,517.84,1.43K,6.06%,1430
10/21/2020,517.84,484.02,519.24,484.02,0.67K,6.99%,670
10/20/2020,484.02,497.94,500.72,484.02,0.46K,-2.80%,460
10/19/2020,497.94,500.93,501.01,494.78,0.20K,-0.60%,200
10/18/2020,500.93,488.13,500.93,488.13,0.37K,2.62%,370
10/17/2020,488.13,484.92,488.13,484.92,0.22K,0.66%,220
10/16/2020,484.92,501.1,501.1,483.52,0.31K,-3.23%,310
10/15/2020,501.08,500.6,501.08,499.32,0.23K,0.10%,230
10/14/2020,500.6,501.85,504.53,495.95,0.12K,-0.25%,120
10/13/2020,501.85,506.69,506.69,501.85,0.37K,-0.96%,370
10/12/2020,506.69,493.44,507.76,492.28,0.96K,2.69%,960
10/11/2020,493.44,487.86,493.44,487.83,0.10K,1.14%,100
10/10/2020,487.86,479.61,489.93,478.99,0.26K,1.72%,260
10/9/2020,479.61,463.37,479.61,460.46,0.16K,3.50%,160
10/8/2020,463.37,455.1,463.37,451.48,0.18K,1.82%,180
10/7/2020,455.1,454.21,455.1,451.63,0.22K,0.20%,220
10/6/2020,454.21,470.81,470.81,452.98,0.23K,-3.53%,230
10/5/2020,470.81,468.94,471.46,465.7,0.23K,0.40%,230
10/4/2020,468.94,460.34,468.94,460.34,0.49K,1.87%,490
10/3/2020,460.34,459.77,460.7,459.77,0.16K,0.12%,160
10/2/2020,459.77,469.57,469.57,458.13,0.33K,-2.09%,330
10/1/2020,469.57,481.68,492,469.57,0.28K,-2.51%,280
9/30/2020,481.68,483.49,483.49,475.4,0.29K,-0.37%,290
9/29/2020,483.49,470.01,483.49,470.01,0.22K,2.87%,220
9/28/2020,470.01,478.27,484.22,470.01,0.24K,-1.73%,240
9/27/2020,478.27,474.71,478.27,472.74,0.40K,0.75%,400
9/26/2020,474.71,469.69,474.71,469.69,0.13K,1.07%,130
9/25/2020,469.69,467.58,469.69,460,0.19K,0.45%,190
9/24/2020,467.58,431.38,467.58,431.38,0.57K,8.39%,570
9/23/2020,431.38,460.38,460.38,430,0.28K,-6.30%,280
9/22/2020,460.38,460.57,460.57,454.05,0.76K,-0.04%,760
9/21/2020,460.57,492.1,496.88,460.57,0.76K,-6.41%,760
9/20/2020,492.1,512.85,512.85,492.1,0.21K,-4.05%,210
9/19/2020,512.85,510,512.85,504.35,0.33K,0.56%,330
9/18/2020,510,514.02,514.02,510,0.24K,-0.78%,240
9/17/2020,514.02,483.65,514.02,483.65,0.54K,6.28%,540
9/16/2020,483.65,483.59,488.46,479.98,0.34K,0.01%,340
9/15/2020,483.59,498.63,498.89,483.59,0.46K,-3.02%,460
9/14/2020,498.63,489.04,498.63,488.95,0.44K,1.96%,440
9/13/2020,489.04,515,515.36,489.04,0.61K,-5.04%,610
9/12/2020,515,499.89,515,494.32,0.37K,3.02%,370
9/11/2020,499.89,487.59,499.89,484.13,0.28K,2.52%,280
9/10/2020,487.59,465.97,490.4,465.97,0.58K,4.64%,580
9/9/2020,465.97,449.81,470.07,449.81,0.54K,3.59%,540
9/8/2020,449.81,465.95,465.95,445,0.46K,-3.46%,460
9/7/2020,465.95,465.47,465.95,437.92,0.39K,0.10%,390
9/6/2020,465.47,441.63,465.47,441.63,0.51K,5.40%,510
9/5/2020,441.63,511.01,511.01,436.48,1.09K,-13.58%,1090
9/4/2020,511.01,509.19,525.13,509.19,1.34K,0.36%,1340
9/3/2020,509.19,577.4,592.2,509.19,1.51K,-11.81%,1510
9/2/2020,577.4,623.54,623.54,571.76,0.90K,-7.40%,900
9/1/2020,623.54,568.79,623.54,568.79,1.23K,9.63%,1230
8/31/2020,568.79,564.35,568.79,555.35,0.82K,0.79%,820
8/30/2020,564.35,525.96,564.35,525.96,0.30K,7.30%,300
8/29/2020,525.96,522.15,529.88,522.15,0.26K,0.73%,260
8/28/2020,522.15,506.02,522.15,506.02,0.30K,3.19%,300
8/27/2020,506.02,512.03,512.03,506.02,0.58K,-1.17%,580
8/26/2020,512.03,507.46,513.66,507.46,0.69K,0.90%,690
8/25/2020,507.46,546,546,503.32,1.26K,-7.06%,1260
8/24/2020,546,521.68,546,521.68,0.72K,4.66%,720
8/23/2020,521.68,527.98,527.98,516.41,0.44K,-1.19%,440
8/22/2020,527.98,515.87,528.4,510,0.41K,2.35%,410
8/21/2020,515.87,552.47,552.47,515.87,0.46K,-6.62%,460
8/20/2020,552.47,539.95,552.47,539.95,0.50K,2.32%,500
8/19/2020,539.95,558.82,558.82,539.95,1.36K,-3.53%,1360
8/18/2020,559.73,572.17,575.04,559.73,0.97K,-2.17%,970
8/17/2020,572.17,578.59,578.59,566.08,0.63K,-1.11%,630
8/16/2020,578.59,578,578.59,566.63,0.39K,0.10%,390
8/15/2020,578,584.18,584.18,576.1,0.49K,-1.06%,490
8/14/2020,584.18,562.64,586.79,562.64,1.30K,3.83%,1300
8/13/2020,562.64,515.43,568.83,510.1,1.19K,9.16%,1190
8/12/2020,515.43,506.15,515.43,501.28,0.57K,1.83%,570
8/11/2020,506.15,528.67,528.67,506.15,0.51K,-4.26%,510
8/10/2020,528.67,524.48,530.27,524.48,0.40K,0.80%,400
8/9/2020,524.48,532.13,532.13,523.73,0.41K,-1.04%,410
8/8/2020,530,509.42,530,509.42,0.37K,4.04%,370
8/7/2020,509.42,527.58,531.08,509.42,1.33K,-3.44%,1330
8/6/2020,527.58,533.61,533.61,527.33,0.44K,-1.13%,440
8/5/2020,533.61,517.05,533.61,517.05,0.58K,3.20%,580
8/4/2020,517.05,518.03,526.15,515,0.37K,-0.19%,370
8/3/2020,518.03,495.38,518.03,495.38,0.20K,4.57%,200
8/2/2020,495.38,519.99,519.99,495.38,1.54K,-4.73%,1540
8/1/2020,519.99,465.19,519.99,465.19,1.36K,11.78%,1360
7/31/2020,465.19,450,465.19,450,0.73K,3.38%,730
7/30/2020,450,427.26,452.05,421.52,0.67K,5.32%,670
7/29/2020,427.26,424.52,432.14,423.59,0.33K,0.65%,330
7/28/2020,424.52,428.98,428.98,408.14,0.49K,-1.04%,490
7/27/2020,428.98,416.39,434.99,416.39,1.36K,3.02%,1360
7/26/2020,416.39,408.67,424,404.87,0.71K,1.89%,710
7/25/2020,408.67,375.01,408.67,375.01,1.30K,8.98%,1300
7/24/2020,375.01,366.81,378.34,364.36,0.82K,2.24%,820
7/23/2020,366.81,353.84,366.81,353.84,1.09K,3.67%,1090
7/22/2020,353.84,330.25,353.84,329.09,0.78K,7.14%,780
7/21/2020,330.25,321.37,330.25,321.37,0.27K,2.76%,270
7/20/2020,321.37,325.99,325.99,321.37,0.73K,-1.42%,730
7/19/2020,325.99,320.75,325.99,318.24,0.35K,1.63%,350
7/18/2020,320.75,317.23,320.75,317,0.14K,1.09%,140
7/17/2020,317.29,318.85,318.85,316.52,0.19K,-0.49%,190
7/16/2020,318.85,324.13,324.13,317.08,0.27K,-1.63%,270
7/15/2020,324.13,327.67,327.67,324.13,0.60K,-1.08%,600
7/14/2020,327.67,326.45,327.67,325.03,0.14K,0.37%,140
7/13/2020,326.45,330.84,332.84,326.45,0.21K,-1.33%,210
7/12/2020,330.84,327.01,330.84,324.28,0.17K,1.57%,170
7/11/2020,325.72,326.02,326.17,325.09,-,-0.99%,0
7/10/2020,328.99,328.64,328.99,326.63,0.30K,0.81%,300
7/9/2020,326.36,334.61,334.61,326.36,-,-2.47%,0
7/8/2020,334.61,325.56,334.61,325.56,0.26K,2.78%,260
7/7/2020,325.56,327.24,327.24,322.05,0.50K,-0.51%,500
7/6/2020,327.24,309.63,327.24,309.41,0.47K,5.69%,470
7/5/2020,309.63,312.03,312.5,304.77,0.14K,-0.77%,140
7/4/2020,312.03,306.26,313.5,306.14,0.13K,1.88%,130
7/3/2020,306.26,308.62,311.13,305.91,0.21K,-0.76%,210
7/2/2020,308.62,314.75,316.56,305.19,0.24K,-1.95%,240
7/1/2020,314.75,306.6,316.73,305,0.23K,2.66%,230
6/30/2020,306.6,313.5,313.5,305.81,0.43K,-2.20%,430
6/29/2020,313.5,308.33,314.17,304.77,0.13K,1.68%,130
6/28/2020,308.33,304.56,312.81,300,0.16K,1.24%,160
6/27/2020,304.56,315.42,316.41,297,0.28K,-3.44%,280
6/26/2020,315.42,318.96,319.44,313.27,0.13K,-1.11%,130
6/25/2020,318.96,321.51,322.11,309.91,0.37K,-0.98%,370
6/24/2020,322.11,329.53,337.11,316.8,0.23K,-2.25%,230
6/23/2020,329.53,329.47,331.48,326.12,0.20K,0.02%,200
6/22/2020,329.47,311.85,332.8,311.85,0.83K,5.65%,830
6/21/2020,311.85,313.41,316.3,309.78,0.25K,-0.50%,250
6/20/2020,313.41,313.27,314.53,308.45,0.12K,0.52%,120
6/19/2020,311.8,317.14,317.14,309.65,0.19K,-1.68%,190
6/18/2020,317.14,317.56,319.68,311.91,0.14K,-0.71%,140
6/17/2020,319.41,319.89,325.83,311.79,0.64K,-0.15%,640
6/16/2020,319.89,314.62,320.25,309.88,0.25K,1.68%,250
6/15/2020,314.62,316.65,317.76,300,0.43K,-0.64%,430
6/14/2020,316.65,325.84,325.84,315.3,0.10K,-2.82%,100
6/13/2020,325.84,324.76,325.89,321.82,0.09K,0.33%,90
6/12/2020,324.76,317.16,325.36,315.28,0.38K,2.40%,380
6/11/2020,317.16,333.29,336.44,308.03,0.92K,-4.84%,920
6/10/2020,333.29,328.69,336.66,326.6,0.90K,1.22%,900
6/9/2020,329.26,329.86,333.89,323.13,0.27K,-0.18%,270
6/8/2020,329.86,328.07,332.79,323.6,0.23K,0.55%,230
6/7/2020,328.07,326.99,329.17,317.62,0.13K,0.33%,130
6/6/2020,326.99,325.39,329.71,322.35,0.14K,0.49%,140
6/5/2020,325.39,331.25,333.75,322.53,0.39K,-1.77%,390
6/4/2020,331.25,330.44,337.5,321.49,0.60K,0.25%,600
6/3/2020,330.44,322,331.97,318.88,0.44K,1.96%,440
6/2/2020,324.09,338.39,344.66,307.49,0.59K,-4.23%,590
6/1/2020,338.39,320.3,340,318.8,0.88K,5.65%,880
5/31/2020,320.3,336.77,339.99,318.8,0.27K,-4.84%,270
5/30/2020,336.59,305.95,339.19,302.51,0.65K,10.01%,650
5/29/2020,305.95,303.23,309,300.21,0.36K,0.90%,360
5/28/2020,303.23,288,303.33,282.43,0.91K,5.29%,910
5/27/2020,288,279.71,288.36,278.4,0.29K,2.96%,290
5/26/2020,279.71,287.22,288.8,275.29,0.32K,-2.60%,320
5/25/2020,287.19,281.12,289.85,280,0.45K,1.51%,450
5/24/2020,282.91,291.82,297,280.04,0.36K,-3.05%,360
5/23/2020,291.82,292.43,297.88,288.79,0.36K,-0.21%,360
5/22/2020,292.43,279.69,294.59,276.13,0.72K,4.56%,720
5/21/2020,279.69,294.92,297.09,270,0.75K,-5.16%,750
5/20/2020,294.92,298.38,300,289.69,0.39K,-1.16%,390
5/19/2020,298.38,300.08,302.54,294.14,0.27K,-0.57%,270
5/18/2020,300.08,293.67,306.39,292.44,1.05K,2.18%,1050
5/17/2020,293.67,285.59,297,284.17,0.51K,2.83%,510
5/16/2020,285.59,275.91,287.81,274.4,0.29K,3.70%,290
5/15/2020,275.41,286.77,287.81,271.14,0.40K,-3.96%,400
5/14/2020,286.77,283.4,291.27,278.58,0.58K,1.19%,580
5/13/2020,283.4,267.2,285.51,266.31,0.50K,6.06%,500
5/12/2020,267.2,264.9,272.69,264.24,0.25K,0.87%,250
5/11/2020,264.9,262.72,272.74,251,0.48K,0.83%,480
5/10/2020,262.72,293.83,296.13,254.02,1.84K,-11.28%,1840
5/9/2020,296.13,297.32,303,293.83,0.26K,-0.40%,260
5/8/2020,297.32,299.2,303,290.3,0.62K,-0.63%,620
5/7/2020,299.2,283.47,303,281.45,0.85K,5.55%,850
5/6/2020,283.47,288.52,299.81,283.47,0.67K,-1.75%,670
5/5/2020,288.52,295.06,302.99,286.95,0.54K,-2.22%,540
5/4/2020,295.06,300.43,300.67,277.53,0.58K,-1.79%,580
5/3/2020,300.43,305.72,313,295,0.52K,-1.73%,520
5/2/2020,305.72,303.33,307.64,302.18,0.17K,0.79%,170
5/1/2020,303.33,289.69,306.47,289.69,0.90K,4.71%,900
4/30/2020,289.69,303.78,317.99,282.64,1.21K,-4.64%,1210
4/29/2020,303.78,278.22,307.7,277.88,1.35K,9.19%,1350
4/28/2020,278.22,278.22,279.48,274,0.57K,0.00%,570
4/27/2020,278.22,280.76,283.13,271.31,0.34K,-0.90%,340
4/26/2020,280.75,276.83,282.14,274.59,0.18K,1.42%,180
4/25/2020,276.83,267.1,280.91,264.56,0.50K,3.64%,500
4/24/2020,267.1,262.37,270.13,260.61,0.34K,1.74%,340
4/23/2020,262.52,260.75,270.48,254.04,0.61K,0.68%,610
4/22/2020,260.75,245.03,261,244.5,0.27K,6.42%,270
4/21/2020,245.03,245.11,249.82,242.93,0.60K,0.17%,600
4/20/2020,244.62,256.28,264.53,240,0.26K,-4.55%,260
4/19/2020,256.28,265.35,267,250,0.19K,-3.42%,190
4/18/2020,265.35,243.49,267,241.19,0.59K,8.98%,590
4/17/2020,243.49,243.45,246.16,238.99,0.18K,0.02%,180
4/16/2020,243.45,219.44,246.72,211.1,0.39K,10.94%,390
4/15/2020,219.44,222.74,227,216.52,0.75K,-1.48%,750
4/14/2020,222.74,220.43,226.1,218.05,0.32K,1.05%,320
4/13/2020,220.43,224.05,224.05,211.24,0.28K,-1.62%,280
4/12/2020,224.05,223.82,232.62,218.04,0.28K,0.10%,280
4/11/2020,223.82,223.22,228.39,217.39,0.09K,0.27%,90
4/10/2020,223.22,239.4,240.06,215.8,0.49K,-6.72%,490
4/9/2020,239.29,243.53,244.02,234.14,0.20K,-1.74%,200
4/8/2020,243.53,230.13,245.1,229.85,0.49K,5.82%,490
4/7/2020,230.13,241.51,249.2,228.41,0.29K,-4.71%,290
4/6/2020,241.51,205.19,241.51,204.36,0.81K,17.70%,810
4/5/2020,205.19,205.63,207.27,202.36,0.13K,-0.21%,130
4/4/2020,205.63,202.26,207.06,198.25,0.11K,1.67%,110
4/3/2020,202.26,200.03,207.7,197.61,0.20K,1.11%,200
4/2/2020,200.03,194.07,211.75,192.69,0.55K,3.07%,550
4/1/2020,194.07,189.75,194.64,184.6,0.28K,2.28%,280
3/31/2020,189.75,189.25,191.02,186.28,0.19K,0.26%,190
3/30/2020,189.25,177.16,192.79,177.16,0.41K,6.46%,410
3/29/2020,177.77,186.17,186.17,175,0.27K,-4.51%,270
3/28/2020,186.17,185.11,188.39,177.55,0.52K,0.57%,520
3/27/2020,185.11,194.74,199.05,183.38,0.36K,-4.95%,360
3/26/2020,194.74,195.26,197.31,189.01,0.28K,-0.27%,280
3/25/2020,195.26,201.56,204,192,0.43K,-3.13%,430
3/24/2020,201.56,198.07,205.49,192.79,0.38K,1.76%,380
3/23/2020,198.07,176.83,198.31,173.89,1.14K,12.01%,1140
3/22/2020,176.83,190.66,197.1,175.59,0.39K,-7.25%,390
3/21/2020,190.66,191.02,198.87,181.86,0.52K,-0.19%,520
3/20/2020,191.02,200.14,217.92,168.54,1.42K,-4.56%,1420
3/19/2020,200.14,170.4,207.9,168.69,1.00K,17.45%,1000
3/18/2020,170.4,165.81,170.88,158.82,0.96K,2.77%,960
3/17/2020,165.81,155.9,169.43,154.06,0.40K,6.36%,400
3/16/2020,155.9,172.58,219.9,102,3.00K,-9.67%,3000
3/15/2020,172.58,169.49,181.53,164.47,0.67K,1.82%,670
3/14/2020,169.49,185.6,186.53,168.52,0.47K,-8.68%,470
3/13/2020,185.6,153.67,220,127,5.72K,20.78%,5720
3/12/2020,153.67,268.16,269.58,140.01,4.18K,-42.69%,4180
3/11/2020,268.16,276.72,278.5,251,0.30K,-3.09%,300
3/10/2020,276.72,278.47,282.1,270,0.35K,-0.63%,350
3/9/2020,278.47,272.03,284.17,258,0.74K,2.37%,740
3/8/2020,272.03,319.24,321.64,268.47,0.58K,-14.79%,580
3/7/2020,319.24,328.07,337,318.14,0.28K,-2.69%,280
3/6/2020,328.07,305.4,328.07,304.86,0.79K,7.42%,790
3/5/2020,305.4,300,313.31,300,0.33K,1.80%,330
3/4/2020,300,299.76,305.23,296.22,0.06K,0.08%,60
3/3/2020,299.76,308.5,309.73,294.97,0.63K,-2.83%,630
3/2/2020,308.5,293.43,312.83,288.54,0.39K,5.14%,390
3/1/2020,293.43,292.37,304,285.05,0.15K,0.36%,150
2/29/2020,292.37,307.73,312.2,292.37,0.17K,-4.99%,170
2/28/2020,307.73,303.4,314.05,288.32,1.07K,1.43%,1070
2/27/2020,303.4,302.36,320.59,277.19,0.59K,0.34%,590
2/26/2020,302.36,329.91,329.91,289.5,0.62K,-8.35%,620
2/25/2020,329.91,353.29,353.64,327.79,0.22K,-6.62%,220
2/24/2020,353.29,364.88,366.21,342.94,0.48K,-3.18%,480
2/23/2020,364.88,348.02,366.05,347.01,0.19K,4.84%,190
2/22/2020,348.02,353.49,354.01,342.99,0.10K,-1.55%,100
2/21/2020,353.49,344.86,357.05,338.9,0.30K,2.50%,300
2/20/2020,344.86,344,349.52,328.38,0.38K,0.25%,380
2/19/2020,344,375,375,334.8,0.55K,-8.27%,550
2/18/2020,375,352.86,382.85,344.05,0.58K,6.27%,580
2/17/2020,352.86,347.71,352.86,322.1,0.60K,1.48%,600
2/16/2020,347.71,349.61,362.19,317.09,0.26K,-0.54%,260
2/15/2020,349.61,378.89,380,346.2,0.48K,-7.44%,480
2/14/2020,377.7,354.22,378.89,346.86,0.28K,6.63%,280
2/13/2020,354.22,353.45,365.19,338.94,0.92K,0.22%,920
2/12/2020,353.45,315.27,370.2,315.27,1.15K,12.11%,1150
2/11/2020,315.27,298.26,317.96,289.52,0.36K,6.08%,360
2/10/2020,297.21,303.39,303.39,287.26,0.25K,-2.04%,250
2/9/2020,303.39,295.5,305,295.5,0.31K,2.67%,310
2/8/2020,295.5,296.02,300,284.48,0.24K,-0.18%,240
2/7/2020,296.02,282.15,300,280.87,0.79K,4.92%,790
2/6/2020,282.15,270.26,284.52,265.95,0.36K,4.40%,360
2/5/2020,270.26,249.99,272.2,248.71,0.33K,8.11%,330
2/4/2020,249.99,249.59,251.46,244.36,0.52K,0.16%,520
2/3/2020,249.59,246.48,255,244.97,0.21K,1.26%,210
2/2/2020,246.48,241.82,253,236.07,0.32K,1.93%,320
2/1/2020,241.82,237.89,242.9,236.27,0.13K,1.65%,130
1/31/2020,237.89,241.01,241.83,232.69,0.33K,-1.29%,330
1/30/2020,241.01,227,244.42,222.66,0.25K,6.17%,250
1/29/2020,227,226.76,230.81,226.05,0.17K,0.11%,170
1/28/2020,226.76,222.01,227.9,221.31,0.19K,2.14%,190
1/27/2020,222.01,218.03,225,216.18,0.11K,1.83%,110
1/26/2020,218.03,210.88,219,208.18,0.15K,3.39%,150
1/25/2020,210.88,213.17,213.17,206.42,0.08K,-1.07%,80
1/24/2020,213.17,212.37,214.89,204.3,0.11K,0.38%,110
1/23/2020,212.37,219.98,224.88,205.42,0.60K,-3.46%,600
1/22/2020,219.98,219.84,220.92,214.91,0.11K,0.12%,110
1/21/2020,219.71,217.1,219.84,214.23,0.35K,1.20%,350
1/20/2020,217.1,217.68,218.18,200.1,0.39K,-0.27%,390
1/19/2020,217.68,226.64,228.1,210.82,0.16K,-3.95%,160
1/18/2020,226.64,222.92,232.3,215.04,0.20K,1.67%,200
1/17/2020,222.92,211,225.19,209.29,0.26K,5.65%,260
1/16/2020,211,214.67,214.71,206.39,0.17K,-1.71%,170
1/15/2020,214.67,214.51,218.88,205.61,1.12K,0.07%,1120
1/14/2020,214.51,187.09,217.89,185.92,0.92K,14.66%,920
1/13/2020,187.09,189.05,191.05,184.74,0.07K,-1.04%,70
1/12/2020,189.05,186.1,189.45,184.23,0.11K,1.59%,110
1/11/2020,186.1,187.47,191.14,184.21,0.21K,-0.73%,210
1/10/2020,187.47,178.97,202,175.13,0.52K,4.75%,520
1/9/2020,178.97,183.82,184.18,176.74,0.12K,-2.64%,120
1/8/2020,183.82,186.45,191.74,178.72,0.21K,-1.41%,210
1/7/2020,186.45,187.49,188.07,182.94,0.20K,-0.55%,200
1/6/2020,187.49,176.73,188.12,175.14,0.20K,6.09%,200
1/5/2020,176.73,174.44,179.19,174.19,0.11K,1.31%,110
1/4/2020,174.44,174.09,175.6,172.68,0.06K,0.20%,60
1/3/2020,174.09,164.49,174.59,162.26,0.19K,5.84%,190
1/2/2020,164.49,169.52,170.7,164.49,0.10K,-2.97%,100
1/1/2020,169.52,167.5,172.09,167.25,0.27K,1.21%,270
12/31/2019,167.5,172.14,172.97,165.98,0.16K,-2.70%,160
12/30/2019,172.14,175.36,177.78,170.01,0.16K,-1.84%,160
12/29/2019,175.36,168.18,180,167.53,0.07K,4.11%,70
12/28/2019,168.44,165.71,169.26,165.71,0.03K,1.65%,30
12/27/2019,165.71,165.04,165.71,161.13,0.36K,0.41%,360
12/26/2019,165.04,165.21,170.57,162.74,0.07K,-0.10%,70
12/25/2019,165.21,168.72,168.82,163.95,0.12K,-2.08%,120
12/24/2019,168.72,168.91,170.72,167,0.38K,-0.11%,380
12/23/2019,168.91,173.97,177.63,167,0.14K,-2.91%,140
12/22/2019,173.97,168.03,174.91,168.03,0.09K,3.54%,90
12/21/2019,168.03,168.73,169.3,167.22,0.04K,-0.41%,40
12/20/2019,168.73,169.81,170.92,167,0.14K,-0.64%,140
12/19/2019,169.81,175.11,176.33,166.01,0.25K,-3.03%,250
12/18/2019,175.11,160.97,177.2,154.85,0.56K,8.91%,560
12/17/2019,160.78,175.16,175.18,158.27,0.35K,-8.21%,350
12/16/2019,175.16,188.42,188.51,172.23,0.28K,-7.04%,280
12/15/2019,188.42,187.49,189.42,185.02,0.03K,0.50%,30
12/14/2019,187.49,191.42,191.81,186.69,0.14K,-2.05%,140
12/13/2019,191.42,189.23,191.9,188.28,0.13K,1.16%,130
12/12/2019,189.23,188.74,191.57,185,0.13K,0.26%,130
12/11/2019,188.74,193.1,194.15,185.08,0.19K,-2.26%,190
12/10/2019,193.1,195,195.75,191.42,0.13K,-0.97%,130
12/9/2019,195,200.98,200.98,194.91,0.15K,-2.98%,150
12/8/2019,200.98,196.1,201.45,194.2,0.08K,2.41%,80
12/7/2019,196.25,197.6,198.4,196.1,0.02K,-0.68%,20
12/6/2019,197.6,194.68,197.61,193.5,0.06K,1.50%,60
12/5/2019,194.68,193,197.82,190.15,0.13K,0.87%,130
12/4/2019,193,197.31,199.44,190.38,0.25K,-2.18%,250
12/3/2019,197.31,199.38,200.54,195.05,0.10K,-1.04%,100
12/2/2019,199.38,201.31,201.42,196,0.07K,-0.96%,70
12/1/2019,201.31,203.06,203.06,196,0.17K,-0.86%,170
11/30/2019,203.06,204.33,206.92,200.51,0.28K,-1.47%,280
11/29/2019,206.09,202.15,209.05,200.74,0.22K,1.95%,220
11/28/2019,202.15,204.1,206.48,200.41,0.21K,-0.96%,210
11/27/2019,204.1,196,206.67,189.38,0.26K,4.13%,260
11/26/2019,196,195,199.61,192.42,0.08K,0.51%,80
11/25/2019,195,186.8,201.71,177,0.32K,4.39%,320
11/24/2019,186.8,203.44,203.44,186.8,0.12K,-8.18%,120
11/23/2019,203.44,199.17,235.2,194.57,0.40K,2.14%,400
11/22/2019,199.17,214.49,252.99,184.75,1.82K,-7.14%,1820
11/21/2019,214.49,231.92,232.82,208.19,0.39K,-7.52%,390
11/20/2019,231.92,233.26,235.02,229.64,0.12K,-0.57%,120
11/19/2019,233.26,235.69,235.76,227.46,0.16K,-1.03%,160
11/18/2019,235.69,242.61,243.35,230.9,0.34K,-2.85%,340
11/17/2019,242.61,242.2,246,239.59,0.06K,0.17%,60
11/16/2019,242.2,238.18,242.78,236.99,0.03K,1.69%,30
11/15/2019,238.18,245.23,245.23,235.16,0.12K,-2.45%,120
11/14/2019,244.15,248.11,249.41,242.69,0.28K,-1.60%,280
11/13/2019,248.11,246.99,249.55,244.78,0.07K,0.45%,70
11/12/2019,246.99,243.46,246.99,241,0.13K,1.45%,130
11/11/2019,243.46,250.46,251.21,243.06,0.11K,-2.79%,110
11/10/2019,250.46,246.41,251.73,243.58,0.18K,1.64%,180
11/9/2019,246.41,243.3,246.44,242.6,0.10K,1.28%,100
11/8/2019,243.3,246.41,247.94,240,0.12K,-1.26%,120
11/7/2019,246.41,253.5,254.12,244,0.14K,-2.80%,140
11/6/2019,253.5,248.24,253.85,246.21,0.17K,2.12%,170
11/5/2019,248.24,244.28,251.65,241.06,0.22K,1.62%,220
11/4/2019,244.28,240.25,247.32,236.41,0.30K,1.68%,300
11/3/2019,240.25,241.22,243.44,236.86,0.05K,-0.40%,50
11/2/2019,241.22,242.1,245.11,240.6,0.07K,-0.36%,70
11/1/2019,242.1,241.44,242.93,233,0.28K,0.27%,280
10/31/2019,241.44,242.32,250,236.33,0.34K,-0.36%,340
10/30/2019,242.32,250.81,252.87,237.1,0.14K,-3.39%,140
10/29/2019,250.81,239.25,252.72,238,0.14K,4.83%,140
10/28/2019,239.25,242.9,247.43,237.15,0.28K,-1.50%,280
10/27/2019,242.9,236.28,245,232.7,0.31K,2.80%,310
10/26/2019,236.28,239.21,259.64,228.14,0.79K,-1.22%,790
10/25/2019,239.21,211.65,244.86,211.39,0.32K,13.02%,320
10/24/2019,211.65,214,214.44,209.83,0.21K,-0.92%,210
10/23/2019,213.61,226.84,226.84,204.08,0.40K,-5.83%,400
10/22/2019,226.84,229.64,232.22,226,0.15K,-1.22%,150
10/21/2019,229.64,231.93,233.51,226,0.22K,-0.99%,220
10/20/2019,231.93,228.18,232.1,225.52,0.07K,1.64%,70
10/19/2019,228.18,229.85,230.8,225.56,0.05K,-0.73%,50
10/18/2019,229.85,235.43,235.43,224.94,0.19K,-2.37%,190
10/17/2019,235.43,233.06,237.49,230.18,0.13K,1.02%,130
10/16/2019,233.06,237.8,239.04,227.96,0.38K,-1.99%,380
10/15/2019,237.8,248.6,249.62,236.06,0.08K,-4.34%,80
10/14/2019,248.6,240.83,249.51,240.18,0.10K,3.23%,100
10/13/2019,240.83,240.33,246.98,238,0.09K,0.21%,90
10/12/2019,240.33,239.03,244.34,237.1,0.08K,0.54%,80
10/11/2019,239.03,255,261.92,238.73,0.23K,-6.26%,230
10/10/2019,255,260.35,260.87,237.85,0.39K,-2.05%,390
10/9/2019,260.35,242.16,261.22,234.02,0.53K,7.51%,530
10/8/2019,242.16,243.11,247.19,238.95,0.06K,-0.39%,60
10/7/2019,243.11,228.15,244.18,225.45,0.19K,6.56%,190
10/6/2019,228.15,236.59,237.68,225,0.16K,-3.57%,160
10/5/2019,236.59,237.14,237.14,231.58,0.20K,0.08%,200
10/4/2019,236.4,235.7,239.42,231.2,0.09K,0.30%,90
10/3/2019,235.7,241.05,241.78,227.61,0.54K,-2.22%,540
10/2/2019,241.05,234.77,241.51,232,0.09K,2.67%,90
10/1/2019,234.77,239.5,245,228.27,0.43K,-1.97%,430
9/30/2019,239.5,226.7,239.5,216.92,0.26K,5.65%,260
9/29/2019,226.7,230.28,231.18,220,0.07K,-1.55%,70
9/28/2019,230.28,232.6,233.49,224.84,0.13K,-0.60%,130
9/27/2019,231.67,221.53,234,214.73,0.16K,4.58%,160
9/26/2019,221.53,225.75,226.34,203.9,0.22K,-1.87%,220
9/25/2019,225.75,221.78,231.6,217.45,0.22K,1.79%,220
9/24/2019,221.78,268.14,298.95,210.98,1.56K,-17.29%,1560
9/23/2019,268.14,280,280.48,266.77,0.18K,-4.24%,180
9/22/2019,280,287.43,287.43,275,0.07K,-2.58%,70
9/21/2019,287.43,287.24,294,282.34,0.06K,0.07%,60
9/20/2019,287.24,294.44,294.44,283.28,0.23K,-2.45%,230
9/19/2019,294.44,278.46,296.14,268.75,0.42K,5.74%,420
9/18/2019,278.46,275,287.44,273.58,0.26K,1.26%,260
9/17/2019,275,261.59,284.1,259.11,0.25K,5.31%,250
9/16/2019,261.14,250.11,263.17,248.6,0.20K,4.41%,200
9/15/2019,250.11,248.77,252,246.68,0.10K,0.04%,100
9/14/2019,250,239.42,250,238,0.21K,4.42%,210
9/13/2019,239.42,236.76,239.42,233.88,0.14K,1.12%,140
9/12/2019,236.76,234.63,239.55,233.13,0.14K,0.91%,140
9/11/2019,234.63,237.01,239.07,230,0.26K,-1.00%,260
9/10/2019,237.01,236.8,241.5,233,0.14K,0.09%,140
9/9/2019,236.8,239.38,241.5,232.2,0.44K,-1.08%,440
9/8/2019,239.38,234.47,243.5,234,0.09K,2.09%,90
9/7/2019,234.47,223.64,238.14,222.36,0.26K,4.84%,260
9/6/2019,223.64,230.58,233.56,215.88,0.29K,-3.01%,290
9/5/2019,230.58,231.09,231.58,220,0.57K,0.25%,570
9/4/2019,230,236.62,237.96,227.62,0.56K,-2.80%,560
9/3/2019,236.62,238.94,244.53,220,0.45K,-0.89%,450
9/2/2019,238.75,228.55,240.15,227.94,0.16K,4.46%,160
9/1/2019,228.55,229.91,231.28,224.71,0.08K,-0.59%,80
8/31/2019,229.91,225.18,232.19,222.29,0.16K,2.10%,160
8/30/2019,225.18,225.4,226,220.24,0.21K,-0.10%,210
8/29/2019,225.4,230.89,231.27,217.78,0.22K,-2.38%,220
8/28/2019,230.89,249.3,250.33,223.24,0.75K,-7.38%,750
8/27/2019,249.3,248.18,250.13,243.59,0.14K,0.45%,140
8/26/2019,248.18,249.11,255.48,247,0.24K,-0.37%,240
8/25/2019,249.11,254.86,256.03,244.16,0.24K,-2.26%,240
8/24/2019,254.86,259.92,259.92,248,0.10K,-1.95%,100
8/23/2019,259.92,254.44,261.09,250.78,0.10K,2.15%,100
8/22/2019,254.44,247.1,259.54,242.92,0.11K,2.97%,110
8/21/2019,247.1,262.41,262.83,240.73,0.44K,-5.83%,440
8/20/2019,262.41,270,270,259.94,0.07K,-2.81%,70
8/19/2019,270,258.46,270,254.18,0.20K,4.46%,200
8/18/2019,258.46,247.73,263.45,243.56,0.12K,4.33%,120
8/17/2019,247.73,248.08,248.08,241.79,0.05K,-0.14%,50
8/16/2019,248.08,250.25,252.51,240,0.18K,-1.75%,180
8/15/2019,252.51,247.44,257.2,232,0.20K,2.05%,200
8/14/2019,247.44,275.38,277.96,241.84,0.25K,-10.15%,250
8/13/2019,275.38,277.33,279.53,271.34,0.18K,-0.70%,180
8/12/2019,277.33,286.24,286.24,277.33,0.12K,-3.11%,120
8/11/2019,286.24,273.66,293,272.61,0.29K,4.60%,290
8/10/2019,273.66,279.44,283.14,268.3,0.24K,-1.87%,240
8/9/2019,278.88,291.51,293.07,272.17,0.41K,-4.33%,410
8/8/2019,291.51,297.68,299.87,285,0.14K,-2.07%,140
8/7/2019,297.68,294.86,299.92,289.13,0.34K,0.96%,340
8/6/2019,294.86,302,309.98,288.21,0.23K,-2.36%,230
8/5/2019,302,293.69,329.99,293.07,0.63K,2.83%,630
8/4/2019,293.69,291.71,293.69,285,0.14K,0.68%,140
8/3/2019,291.71,285.56,293.66,282.29,0.27K,2.16%,270
8/2/2019,285.54,283.26,289.99,279.6,0.22K,0.80%,220
8/1/2019,283.26,289.61,289.61,279.65,0.15K,-2.19%,150
7/31/2019,289.61,277.74,289.61,277.74,0.21K,4.27%,210
7/30/2019,277.74,278.6,280.66,270.03,0.19K,-0.31%,190
7/29/2019,278.6,279.79,281.91,271.78,0.25K,-0.43%,250
7/28/2019,279.79,273.98,279.79,260.28,0.14K,2.12%,140
7/27/2019,273.98,286.53,294.39,268.01,0.21K,-4.38%,210
7/26/2019,286.53,290.27,291.08,281.21,0.14K,-1.29%,140
7/25/2019,290.27,284.99,295,283.18,0.18K,1.85%,180
7/24/2019,284.99,278.84,285,266.88,0.13K,2.21%,130
7/23/2019,278.84,286.37,289.15,274.07,0.47K,-2.63%,470
7/22/2019,286.37,295.68,299.44,280,0.23K,-3.15%,230
7/21/2019,295.68,300.33,300.68,284.22,0.16K,-1.55%,160
7/20/2019,300.33,288.31,305.95,287.39,0.20K,4.17%,200
7/19/2019,288.31,291,295.02,280,0.28K,-0.92%,280
7/18/2019,291,275.04,298.27,272.4,0.23K,5.80%,230
7/17/2019,275.04,265.6,287.82,255,0.35K,3.55%,350
7/16/2019,265.6,300.66,306.19,251.77,0.72K,-11.66%,720
7/15/2019,300.66,311.24,311.24,280,0.65K,-3.41%,650
7/14/2019,311.27,351.26,355.76,302.01,0.37K,-11.38%,370
7/13/2019,351.26,358.97,363.25,343.68,0.21K,-2.15%,210
7/12/2019,358.97,351.6,364.27,349.08,0.37K,2.31%,370
7/11/2019,350.85,377.92,377.92,344.96,0.37K,-7.16%,370
7/10/2019,377.92,400,411.66,300,0.67K,-5.52%,670
7/9/2019,400,408.93,412.69,393.12,0.33K,-2.18%,330
7/8/2019,408.93,396.62,409,392.2,0.34K,3.10%,340
7/7/2019,396.62,370.21,400,369.81,0.29K,7.13%,290
7/6/2019,370.21,374.93,384.25,370.21,0.25K,-1.26%,250
7/5/2019,374.93,365.63,379.99,361.37,0.18K,2.54%,180
7/4/2019,365.63,382.27,383.34,359.75,0.38K,-4.35%,380
7/3/2019,382.27,377.79,388.65,370.42,0.43K,1.19%,430
7/2/2019,377.79,365.51,382.3,338.77,0.45K,3.36%,450
7/1/2019,365.51,365.03,376.87,350,0.40K,0.13%,400
6/30/2019,365.03,407.48,408.81,365.03,0.18K,-10.42%,180
6/29/2019,407.48,397.61,408.81,374.76,0.23K,2.48%,230
6/28/2019,397.61,382.31,399,375,0.42K,4.00%,420
6/27/2019,382.31,433.25,440,355.13,1.12K,-11.76%,1120
6/26/2019,433.25,415,469.03,405.34,1.49K,4.40%,1490
6/25/2019,415,401.49,415,395.01,0.53K,3.36%,530
6/24/2019,401.49,403.29,410.13,385.15,0.15K,-0.45%,150
6/23/2019,403.29,408.22,416.16,400.87,0.11K,-1.21%,110
6/22/2019,408.22,386.34,416.77,386.34,0.57K,5.66%,570
6/21/2019,386.34,362.44,389.88,359.13,0.62K,6.59%,620
6/20/2019,362.44,360.77,362.95,352.02,0.40K,0.46%,400
6/19/2019,360.77,352.74,361.68,342,0.48K,2.28%,480
6/18/2019,352.74,362.01,362.01,347.47,0.28K,-2.56%,280
6/17/2019,362.01,360.47,364.08,351.61,0.19K,0.43%,190
6/16/2019,360.47,359.57,368.87,351.95,0.76K,0.25%,760
6/15/2019,359.57,353.84,362.23,348.17,0.09K,1.62%,90
6/14/2019,353.84,339.59,353.84,330.22,0.29K,4.20%,290
6/13/2019,339.59,349,349,338.28,0.16K,-2.70%,160
6/12/2019,349,326.16,349,323.69,0.49K,7.00%,490
6/11/2019,326.16,325.41,328.23,313.1,0.25K,0.23%,250
6/10/2019,325.41,303.69,326.87,303.68,0.18K,7.15%,180
6/9/2019,303.69,320.05,324.36,300.68,0.29K,-5.11%,290
6/8/2019,320.05,332.84,332.84,318.02,0.38K,-3.84%,380
6/7/2019,332.84,332.96,336.11,326.5,0.22K,-0.04%,220
6/6/2019,332.96,329.58,332.96,313.15,0.33K,1.03%,330
6/5/2019,329.58,315.73,329.99,314.26,0.36K,4.39%,360
6/4/2019,315.73,330.14,330.14,310.17,0.75K,-4.36%,750
6/3/2019,330.14,356.97,356.97,330.03,0.53K,-7.52%,530
6/2/2019,356.97,350.08,359.99,346.12,0.27K,1.97%,270
6/1/2019,350.08,355.69,360.39,345.23,0.21K,-1.58%,210
5/31/2019,355.69,341.82,356.06,329.97,0.55K,4.06%,550
5/30/2019,341.82,363.19,382.62,326.01,1.04K,-5.88%,1040
5/29/2019,363.19,363.32,366,349,0.37K,-0.04%,370
5/28/2019,363.32,360.77,365.83,352.56,0.37K,0.71%,370
5/27/2019,360.77,356.87,369.9,350.03,0.90K,1.09%,900
5/26/2019,356.87,335.98,358.82,330,0.36K,6.22%,360
5/25/2019,335.98,335.01,343.98,330.41,0.16K,0.29%,160
5/24/2019,335.01,334.01,341.87,325.01,0.19K,0.30%,190
5/23/2019,334.01,331.82,335.58,310.03,0.46K,0.66%,460
5/22/2019,331.82,342.85,349.03,326.2,1.07K,-3.22%,1070
5/21/2019,342.85,342.23,353.31,332.11,0.47K,0.18%,470
5/20/2019,342.23,357.27,357.27,325,0.31K,-4.21%,310
5/19/2019,357.27,315.07,357.27,315.07,0.38K,13.39%,380
5/18/2019,315.07,330,336.97,315.06,0.45K,-4.52%,450
5/17/2019,330,357.95,359.26,305.01,1.17K,-7.91%,1170
5/16/2019,358.35,334.05,370.48,275,2.33K,7.27%,2330
5/15/2019,334.05,291.54,334.22,286,0.99K,14.58%,990
5/14/2019,291.54,260,297,250.09,0.79K,12.13%,790
5/13/2019,260,252,274.46,243.93,0.44K,3.17%,440
5/12/2019,252,258.46,274.88,246.11,0.39K,-2.50%,390
5/11/2019,258.46,233.3,275,232.65,1.33K,10.78%,1330
5/10/2019,233.3,228.4,237.57,226.47,0.52K,2.15%,520
5/9/2019,228.4,225.15,234.15,222.03,0.15K,1.44%,150
5/8/2019,225.15,225.01,230.64,220.8,0.19K,0.06%,190
5/7/2019,225.01,230,241.86,225.01,0.45K,-2.17%,450
5/6/2019,230,217.46,233.78,213.62,0.37K,5.77%,370
5/5/2019,217.46,217.75,219.65,212.64,0.06K,-0.30%,60
5/4/2019,218.11,220.72,224.8,212.46,0.14K,-1.18%,140
5/3/2019,220.72,215.76,224.32,212.5,0.61K,2.30%,610
5/2/2019,215.76,213.23,217.32,207.55,0.35K,1.19%,350
5/1/2019,213.23,215.52,218.1,210,0.33K,-1.06%,330
4/30/2019,215.52,204.42,217.83,204.42,0.24K,5.43%,240
4/29/2019,204.42,210.06,210.34,202.01,0.25K,-2.68%,250
4/28/2019,210.06,213.78,213.78,205.12,0.15K,-1.74%,150
4/27/2019,213.78,208.07,216.18,207.03,0.17K,2.74%,170
4/26/2019,208.07,208.78,237.5,201.32,0.98K,-0.34%,980
4/25/2019,208.78,223.29,227.82,201,0.92K,-6.50%,920
4/24/2019,223.29,229.76,232.74,220,0.38K,-2.82%,380
4/23/2019,229.76,229.49,237.92,227.89,0.98K,0.12%,980
4/22/2019,229.49,230.01,234.02,226.53,0.40K,-0.23%,400
4/21/2019,230.01,234.28,235.49,225.11,0.19K,-1.82%,190
4/20/2019,234.28,235.16,238,232.03,0.32K,-0.37%,320
4/19/2019,235.16,234.07,236.98,230.96,0.11K,0.47%,110
4/18/2019,234.07,222.54,237.89,222.54,0.19K,5.18%,190
4/17/2019,222.54,225,226.25,220.99,0.19K,-1.09%,190
4/16/2019,225,215.72,225,214.79,0.17K,4.30%,170
4/15/2019,215.72,223.04,226.16,210.95,0.29K,-3.28%,290
4/14/2019,223.04,220.95,226.23,217.47,0.29K,0.95%,290
4/13/2019,220.95,221.14,222.76,216.93,0.09K,-0.09%,90
4/12/2019,221.14,223.07,224.2,215.42,0.24K,-0.87%,240
4/11/2019,223.07,236.55,239.55,215.35,1.00K,-5.70%,1000
4/10/2019,236.55,233.4,249.23,230.66,0.39K,1.35%,390
4/9/2019,233.4,238.13,239.05,231,0.45K,-1.99%,450
4/8/2019,238.13,230.6,244.93,227.71,1.00K,3.27%,1000
4/7/2019,230.6,218.98,231.01,218.5,0.24K,5.31%,240
4/6/2019,218.98,219.95,226.82,213.6,0.55K,-0.44%,550
4/5/2019,219.95,206,221.2,203.6,0.91K,6.77%,910
4/4/2019,206,208.58,210.48,192,0.67K,-1.24%,670
4/3/2019,208.58,218.06,233.3,198.25,1.94K,-4.35%,1940
4/2/2019,218.06,186.78,218.06,160,2.39K,16.75%,2390
4/1/2019,186.78,188.31,190.44,179.1,1.04K,-0.81%,1040
3/31/2019,188.31,189.81,190.23,186.73,0.47K,-0.79%,470
3/30/2019,189.81,190,193.75,186.71,0.53K,-0.10%,530
3/29/2019,190,184.4,190,182.46,1.24K,3.04%,1240
3/28/2019,184.4,186.78,187.3,183.23,0.27K,-1.27%,270
3/27/2019,186.78,178.29,186.78,178.29,0.54K,4.76%,540
3/26/2019,178.29,178.87,180.5,176.78,0.60K,-0.32%,600
3/25/2019,178.87,182.03,182.47,175.61,1.27K,-1.74%,1270
3/24/2019,182.03,183.35,183.41,180.37,0.16K,-0.72%,160
3/23/2019,183.35,182.33,183.42,181.5,0.07K,0.56%,70
3/22/2019,182.33,179.69,183.76,178.66,0.17K,1.47%,170
3/21/2019,179.69,184.42,184.6,177.83,0.64K,-2.56%,640
3/20/2019,184.42,184.58,184.9,181.49,0.30K,-0.09%,300
3/19/2019,184.58,182.87,186.48,180.9,0.68K,0.94%,680
3/18/2019,182.87,183.87,187.74,181.4,0.14K,-0.54%,140
3/17/2019,183.87,187.39,187.99,182.25,0.21K,-1.88%,210
3/16/2019,187.39,181.71,190,181.71,0.46K,3.13%,460
3/15/2019,181.71,177.1,183.44,176.01,0.17K,2.60%,170
3/14/2019,177.1,177.37,179.68,172.93,0.47K,-0.15%,470
3/13/2019,177.37,177.2,187,174.57,0.75K,0.10%,750
3/12/2019,177.2,178.23,180.18,171.01,0.93K,-0.58%,930
3/11/2019,178.23,181.58,182.26,174.41,0.16K,-1.84%,160
3/10/2019,181.58,182.21,183.15,177.45,0.18K,-0.35%,180
3/9/2019,182.21,178.13,185.23,178.13,0.16K,2.29%,160
3/8/2019,178.13,183.65,184.87,175.72,0.46K,-3.01%,460
3/7/2019,183.65,186.5,187,181.25,0.22K,-1.53%,220
3/6/2019,186.5,182,186.51,178,0.66K,2.47%,660
3/5/2019,182,167.46,182,162,0.67K,8.68%,670
3/4/2019,167.46,171.64,174.45,165.4,0.33K,-2.44%,330
3/3/2019,171.64,177.64,179.62,171.64,0.14K,-3.38%,140
3/2/2019,177.64,181.33,181.83,175,0.32K,-2.03%,320
3/1/2019,181.33,178.67,183.72,176.36,0.24K,1.49%,240
2/28/2019,178.67,173.8,182.5,173.8,0.30K,2.80%,300
2/27/2019,173.8,181.34,183.6,167,0.50K,-4.16%,500
2/26/2019,181.34,182.8,184.17,176.93,0.31K,-0.80%,310
2/25/2019,182.8,173.23,186.79,173.23,0.94K,5.52%,940
2/24/2019,173.23,206,219.19,173.18,1.75K,-15.91%,1750
2/23/2019,206,195.77,208.39,191.52,0.78K,5.23%,780
2/22/2019,195.77,191.59,196,189.01,0.45K,2.18%,450
2/21/2019,191.59,194.8,195.8,187.03,0.45K,-1.65%,450
2/20/2019,194.8,189.36,194.8,185,0.26K,2.87%,260
2/19/2019,189.36,188.64,195.25,188.42,0.50K,0.38%,500
2/18/2019,188.64,175.22,194.72,174.55,0.53K,7.66%,530
2/17/2019,175.22,161.28,180.08,160,0.84K,8.64%,840
2/16/2019,161.28,160.63,162,157,0.35K,0.40%,350
2/15/2019,160.63,160.58,161.48,158.17,0.21K,0.03%,210
2/14/2019,160.58,159.48,162,157.46,0.18K,0.69%,180
2/13/2019,159.48,160.27,162,156.75,0.24K,-0.49%,240
2/12/2019,160.27,157.64,161.4,153.27,0.47K,1.67%,470
2/11/2019,157.64,156.99,158,150.17,0.32K,0.41%,320
2/10/2019,156.99,154.18,158.36,150.16,0.89K,1.82%,890
2/9/2019,154.18,152.77,154.35,150.26,0.24K,0.92%,240
2/8/2019,152.77,135.97,156.14,133.59,1.20K,12.36%,1200
2/7/2019,135.97,132.59,136,132.59,0.32K,2.55%,320
2/6/2019,132.59,138.28,138.28,130.63,0.72K,-4.11%,720
2/5/2019,138.28,136.87,138.66,131.45,0.33K,1.03%,330
2/4/2019,136.87,130.02,138.49,127.68,0.60K,5.27%,600
2/3/2019,130.02,138.94,138.98,130.02,0.42K,-6.42%,420
2/2/2019,138.94,137.85,138.94,133.46,0.27K,0.79%,270
2/1/2019,137.85,137.97,139.79,125.88,2.69K,-0.09%,2690
1/31/2019,137.97,140.99,143.01,136.44,0.80K,-2.14%,800
1/30/2019,140.99,137.25,143.01,135,2.28K,2.72%,2280
1/29/2019,137.25,138.68,138.94,133.1,1.16K,-1.03%,1160
1/28/2019,138.68,146.92,147.93,133.5,1.03K,-5.61%,1030
1/27/2019,146.92,153.31,153.47,146.92,0.28K,-4.17%,280
1/26/2019,153.31,153.86,155.88,151.88,0.13K,-0.36%,130
1/25/2019,153.86,156.15,156.25,151.16,0.34K,-1.47%,340
1/24/2019,156.15,155.42,157.94,152.28,0.33K,0.47%,330
1/23/2019,155.42,157.92,158,154.09,0.23K,-1.58%,230
1/22/2019,157.92,153,158.85,146.74,0.36K,3.22%,360
1/21/2019,153,155.07,155.68,150.2,0.16K,-1.33%,160
1/20/2019,155.07,162.41,164.18,153.14,0.20K,-4.52%,200
1/19/2019,162.41,157.92,166.67,157.26,0.17K,2.84%,170
1/18/2019,157.92,161.84,162.73,156.21,0.23K,-2.42%,230
1/17/2019,161.84,161.48,166.44,156.35,0.57K,0.22%,570
1/16/2019,161.48,159.56,167.05,157.25,1.03K,1.20%,1030
1/15/2019,159.56,169.6,169.99,154.5,0.55K,-5.92%,550
1/14/2019,169.6,149.12,169.98,148.12,0.50K,13.73%,500
1/13/2019,149.12,162.61,165.96,137.9,2.37K,-8.30%,2370
1/12/2019,162.61,165.78,168.64,162.61,0.06K,-1.91%,60
1/11/2019,165.78,167.41,175.31,161.16,0.64K,-0.97%,640
1/10/2019,167.41,198.18,199.66,163.09,1.07K,-15.53%,1070
1/9/2019,198.18,197.05,202.57,195,0.91K,0.57%,910
1/8/2019,197.05,199.92,204.24,195.06,0.39K,-1.44%,390
1/7/2019,199.92,208.5,211.7,199.64,0.43K,-4.12%,430
1/6/2019,208.5,206.51,215.08,197.8,0.11K,0.96%,110
1/5/2019,206.51,205.7,229,205.7,0.23K,0.39%,230
1/4/2019,205.7,198.16,209.25,196.53,0.52K,3.81%,520
1/3/2019,198.16,211.5,212.37,192.5,0.22K,-6.31%,220
1/2/2019,211.5,187.88,213.74,187.45,0.26K,12.57%,260
1/1/2019,187.88,179.4,190.71,177.36,0.27K,4.73%,270
12/31/2018,179.4,190.64,192.32,177.52,0.29K,-5.90%,290
12/30/2018,190.64,184.71,191.5,179.8,0.10K,3.21%,100
12/29/2018,184.71,190.72,197.81,181.69,0.50K,-3.15%,500
12/28/2018,190.72,158.12,192,156.38,0.76K,20.62%,760
12/27/2018,158.12,179.14,183.6,158.12,0.29K,-11.73%,290
12/26/2018,179.14,179.99,188.25,172.7,0.33K,-0.47%,330
12/25/2018,179.99,192.65,192.65,170.22,1.17K,-6.57%,1170
12/24/2018,192.65,182.77,221,182.77,1.67K,5.41%,1670
12/23/2018,182.77,160.18,183.47,160.18,0.62K,14.10%,620
12/22/2018,160.18,150.64,161.35,145.28,0.41K,6.33%,410
12/21/2018,150.64,157.67,164.43,145.59,0.88K,-4.46%,880
12/20/2018,157.67,138.63,161.09,138.44,1.15K,13.73%,1150
12/19/2018,138.63,137.52,145,135.71,3.11K,0.81%,3110
12/18/2018,137.52,126.84,139.97,123.05,0.83K,8.42%,830
12/17/2018,126.84,114.08,132.52,113.25,0.88K,11.19%,880
12/16/2018,114.08,112.47,119.41,112.47,0.65K,1.43%,650
12/15/2018,112.47,113.11,145,110.13,1.71K,-0.57%,1710
12/14/2018,113.11,117.03,145,110.79,2.19K,-3.35%,2190
12/13/2018,117.03,119.12,123.09,105.5,1.15K,-1.75%,1150
12/12/2018,119.12,117.97,123.89,117.55,1.79K,0.30%,1790
12/11/2018,118.76,123.04,124.07,117.19,0.70K,-3.48%,700
12/10/2018,123.04,125.75,127.26,119.72,0.55K,-2.16%,550
12/9/2018,125.75,124.57,133.53,123.11,0.15K,0.95%,150
12/8/2018,124.57,125.19,133.01,115.35,0.73K,-0.50%,730
12/7/2018,125.19,122.28,129.92,111.58,2.14K,2.38%,2140
12/6/2018,122.28,137.09,138.7,121.4,2.70K,-10.80%,2700
12/5/2018,137.09,142.77,145,136.15,0.56K,-3.98%,560
12/4/2018,142.77,145.57,147.82,140,4.63K,-1.92%,4630
12/3/2018,145.57,153.98,156.71,141.11,1.55K,-5.46%,1550
12/2/2018,153.98,155.98,157.88,151.95,0.35K,-1.28%,350
12/1/2018,155.98,148.84,158.82,143.87,0.51K,4.80%,510
11/30/2018,148.84,155.77,157.91,147.59,0.88K,-4.45%,880
11/29/2018,155.77,158.62,218.33,149.81,0.81K,-1.80%,810
11/28/2018,158.62,143.5,165.38,143.5,1.85K,10.54%,1850
11/27/2018,143.5,142,149.5,129.01,1.22K,1.06%,1220
11/26/2018,142,151.85,153.15,136.53,0.62K,-6.49%,620
11/25/2018,151.85,149.19,154.99,131.26,1.77K,1.78%,1770
11/24/2018,149.19,159.59,168,146.26,2.39K,-6.52%,2390
11/23/2018,159.59,162.25,167.26,153.18,1.35K,-1.64%,1350
11/22/2018,162.25,177.7,181.45,162.25,0.48K,-8.69%,480
11/21/2018,177.7,171.69,179.7,165.17,0.99K,3.28%,990
11/20/2018,172.06,192.49,196.91,162.69,1.71K,-10.61%,1710
11/19/2018,192.49,235.26,235.26,191.06,1.31K,-18.18%,1310
11/18/2018,235.26,230.98,238.52,226.07,0.34K,1.85%,340
11/17/2018,230.98,229.96,233.01,227.14,0.12K,0.44%,120
11/16/2018,229.96,239.34,241.18,227.74,0.31K,-3.92%,310
11/15/2018,239.34,236.93,245.32,229.29,0.47K,1.02%,470
11/14/2018,236.93,266.82,270.79,231.1,1.15K,-11.20%,1150
11/13/2018,266.82,272.39,274.36,266.44,0.17K,-2.04%,170
11/12/2018,272.39,275.64,280.94,272.39,0.37K,-1.18%,370
11/11/2018,275.64,275,278.77,271.71,0.20K,0.23%,200
11/10/2018,275,276.45,280,271.51,0.22K,-0.52%,220
11/9/2018,276.45,278.11,280.83,274.65,0.15K,-0.60%,150
11/8/2018,278.11,283.42,285.97,274.64,0.18K,-1.87%,180
11/7/2018,283.42,288.53,293.76,283.42,0.23K,-1.77%,230
11/6/2018,288.53,274.8,289,271.4,0.83K,5.00%,830
11/5/2018,274.8,276.81,277.1,269.54,0.55K,-0.73%,550
11/4/2018,276.81,259.85,281.83,259.48,0.45K,6.53%,450
11/3/2018,259.85,262.17,262.89,259.51,0.24K,-0.88%,240
11/2/2018,262.17,258.01,390.11,256.57,1.23K,1.61%,1230
11/1/2018,258.01,257.67,259.97,253.91,0.39K,0.13%,390
10/31/2018,257.67,256.97,260.98,252.39,0.68K,0.27%,680
10/30/2018,256.97,256,258.36,250.69,0.73K,0.38%,730
10/29/2018,256,264,264,254.16,0.38K,-3.03%,380
10/28/2018,264,263.7,264,261.81,0.04K,0.11%,40
10/27/2018,263.7,262.01,263.7,259,0.30K,0.65%,300
10/26/2018,262.01,258.75,263.7,231,0.44K,1.26%,440
10/25/2018,258.75,260.5,263,155,0.72K,-0.67%,720
10/24/2018,260.5,262.36,263.68,255.33,0.30K,-0.71%,300
10/23/2018,262.36,263.32,263.7,253.55,0.57K,-0.36%,570
10/22/2018,263.32,264.31,264.52,260.47,0.11K,-0.37%,110
10/21/2018,264.31,265.35,267.21,262.59,0.12K,-0.39%,120
10/20/2018,265.35,260.6,267.99,260.42,0.14K,1.82%,140
10/19/2018,260.6,260.59,262.67,227,0.48K,0.00%,480
10/18/2018,260.59,267,270,257,0.38K,-2.40%,380
10/17/2018,267,265.01,269.93,261.78,0.37K,0.75%,370
10/16/2018,265.01,271.97,271.97,225,0.45K,-2.56%,450
10/15/2018,271.97,250.29,284.97,250.29,0.65K,8.66%,650
10/14/2018,250.29,259,259.71,250,0.12K,-3.36%,120
10/13/2018,259,255.71,259.15,253.8,0.12K,1.29%,120
10/12/2018,255.71,248.47,260,244.31,0.33K,2.91%,330
10/11/2018,248.47,289.72,289.98,240,0.85K,-14.24%,850
10/10/2018,289.72,290.27,290.27,278.06,0.28K,-0.19%,280
10/9/2018,290.27,286.94,291.99,284.76,0.13K,1.16%,130
10/8/2018,286.94,282.77,290.37,280.57,0.03K,1.47%,30
10/7/2018,282.77,282.95,283.28,274.88,0.02K,-0.06%,20
10/6/2018,282.95,286,288.99,273,0.22K,-1.07%,220
10/5/2018,286,271.4,289.12,267.78,0.34K,5.38%,340
10/4/2018,271.4,280,287.51,267.53,0.57K,-3.07%,570
10/3/2018,280,289.46,290.82,273.52,0.21K,-3.27%,210
10/2/2018,289.46,293.07,297.03,284.58,0.32K,-1.23%,320
10/1/2018,293.07,295.96,299.73,289,0.12K,-0.98%,120
9/30/2018,295.96,298.42,306.09,290.73,0.04K,-0.82%,40
9/29/2018,298.42,285.72,303.65,277.56,0.20K,4.44%,200
9/28/2018,285.72,294.52,299.49,276.12,0.25K,-3.47%,250
9/27/2018,296,280.94,344.99,276.49,0.26K,5.36%,260
9/26/2018,280.94,283.51,287.57,270.34,0.10K,-0.91%,100
9/25/2018,283.51,297.11,297.11,265.83,0.34K,-4.58%,340
9/24/2018,297.11,315,318.57,291.94,0.29K,-5.68%,290
9/23/2018,315,310.45,355,306,0.43K,1.47%,430
9/22/2018,310.45,318.03,323.39,304.25,0.29K,-2.38%,290
9/21/2018,318.03,288,318.5,281.04,0.31K,10.43%,310
9/20/2018,288,268,288,261.92,0.43K,7.46%,430
9/19/2018,268,271.67,273.66,253.06,0.24K,-1.35%,240
9/18/2018,271.67,258.96,277.01,252.8,0.40K,4.91%,400
9/17/2018,258.96,288.86,291,253.87,0.12K,-10.35%,120
9/16/2018,288.86,291.53,291.53,271.65,0.17K,-1.54%,170
9/15/2018,293.38,274,300,273.15,0.28K,7.07%,280
9/14/2018,274,276.2,288.34,259.94,0.46K,-0.80%,460
9/13/2018,276.2,239.73,278.88,239.73,0.59K,15.21%,590
9/12/2018,239.73,243.02,243.14,211.84,1.23K,-1.35%,1230
9/11/2018,243.02,261.27,263.64,210,0.39K,-6.99%,390
9/10/2018,261.27,260.78,305,244.68,0.33K,0.19%,330
9/9/2018,260.78,255.81,275,246.39,0.35K,1.94%,350
9/8/2018,255.81,285.53,289.98,254,0.24K,-10.41%,240
9/7/2018,285.53,301.15,307.51,279.16,0.23K,-5.19%,230
9/6/2018,301.15,296.67,304.23,278.45,0.49K,1.51%,490
9/5/2018,296.67,374.13,376.53,296.67,0.46K,-20.70%,460
9/4/2018,374.13,378.4,383,367.77,0.28K,-1.13%,280
9/3/2018,378.4,385.38,389.22,374.94,0.21K,-1.81%,210
9/2/2018,385.38,388,389.13,380,0.20K,-0.68%,200
9/1/2018,388,373.09,395,370.09,0.17K,4.00%,170
8/31/2018,373.09,368.25,373.09,362.29,0.09K,1.31%,90
8/30/2018,368.25,375.63,376.75,350.28,0.25K,-1.96%,250
8/29/2018,375.63,386.31,388.37,370.52,0.41K,-2.76%,410
8/28/2018,386.31,370,389.72,370,0.21K,4.41%,210
8/27/2018,370,360.04,370,350.22,0.25K,2.77%,250
8/26/2018,360.04,366.32,366.32,355,0.10K,-1.71%,100
8/25/2018,366.32,369.74,370.36,365,0.15K,-0.92%,150
8/24/2018,369.74,358.46,373.1,356.5,0.28K,3.15%,280
8/23/2018,358.46,355.36,365.96,354,0.26K,0.87%,260
8/22/2018,355.36,369.65,390,342.58,0.39K,-3.87%,390
8/21/2018,369.65,356.02,372.35,356.02,0.19K,3.83%,190
8/20/2018,356.02,398.26,403.03,356.02,0.29K,-10.61%,290
8/19/2018,398.26,391.31,404.74,383.38,0.13K,1.78%,130
8/18/2018,391.31,413.37,421.81,375.09,0.27K,-5.34%,270
8/17/2018,413.37,384.72,415.23,384.72,2.75K,7.45%,2750
8/16/2018,384.72,375.59,392.6,368.77,0.18K,2.43%,180
8/15/2018,375.59,368.25,404.68,368.25,0.37K,1.99%,370
8/14/2018,368.25,383.05,515,340.97,2.16K,-3.86%,2160
8/13/2018,383.05,422.77,427.97,378.05,0.72K,-9.40%,720
8/12/2018,422.77,429.86,435.32,416.77,0.09K,-1.65%,90
8/11/2018,429.86,449.16,449.16,410,0.23K,-4.30%,230
8/10/2018,449.16,481.54,483.69,439.64,0.32K,-6.72%,320
8/9/2018,481.54,462.35,488.26,459.39,0.29K,4.15%,290
8/8/2018,462.35,499.27,500.34,454.55,1.22K,-7.39%,1220
8/7/2018,499.27,528.49,535.47,486.58,0.37K,-5.53%,370
8/6/2018,528.49,534.6,539.58,520,0.11K,-1.14%,110
8/5/2018,534.6,531.54,538.09,522.02,0.02K,0.58%,20
8/4/2018,531.54,541.74,551.15,522.53,0.21K,-1.88%,210
8/3/2018,541.74,538,545.45,522.5,0.11K,0.70%,110
8/2/2018,538,543.12,639.99,530.92,0.27K,-0.94%,270
8/1/2018,543.12,558.41,563.1,531.65,0.11K,-2.74%,110
7/31/2018,558.41,589,589,550,0.24K,-5.19%,240
7/30/2018,589,600,603.64,569.86,0.08K,-1.83%,80
7/29/2018,600,593.38,602.39,592.18,0.08K,1.12%,80
7/28/2018,593.38,593.46,603.6,593.38,0.01K,-0.01%,10
7/27/2018,593.46,590.02,603.17,587.54,0.04K,0.58%,40
7/26/2018,590.02,602.37,618.2,590.02,0.13K,-2.05%,130
7/25/2018,602.37,611.71,625,596.4,0.13K,-1.53%,130
7/24/2018,611.71,567.19,615,555.55,0.23K,7.85%,230
7/23/2018,567.19,577.57,588.25,553.04,0.13K,-1.80%,130
7/22/2018,577.57,587.19,596.45,530,0.14K,-1.64%,140
7/21/2018,587.19,568.54,598.16,563.13,0.11K,3.28%,110
7/20/2018,568.54,602.28,602.28,560.1,0.10K,-5.60%,100
7/19/2018,602.28,609.86,609.86,573.61,0.08K,-1.24%,80
7/18/2018,609.86,632.17,642.04,590.1,0.08K,-3.53%,80
7/17/2018,632.17,582.52,645.86,545,0.28K,8.52%,280
7/16/2018,582.52,569.03,599,545.04,0.18K,2.37%,180
7/15/2018,569.03,546.63,569.03,508,0.09K,4.10%,90
7/14/2018,546.63,547.67,554.99,546.07,0.01K,-0.19%,10
7/13/2018,547.67,552.95,555,530,0.08K,-0.95%,80
7/12/2018,552.95,560,565,533.93,0.05K,-1.26%,50
7/11/2018,560,554.19,566.66,536.68,0.08K,1.05%,80
7/10/2018,554.19,592.65,592.65,550,0.08K,-6.49%,80
7/9/2018,592.65,621.37,621.37,592.65,0.08K,-4.62%,80
7/8/2018,621.37,618.6,633.69,587,0.11K,0.45%,110
7/7/2018,618.6,585,618.6,574.45,0.09K,5.74%,90
7/6/2018,585,589.13,591.83,530,0.09K,-0.70%,90
7/5/2018,589.13,598.02,604.54,519,0.08K,-1.49%,80
7/4/2018,598.02,585,607.81,569.06,0.08K,2.23%,80
7/3/2018,585,613.01,620,579.17,0.12K,-4.57%,120
7/2/2018,613.01,573.72,619.93,570,0.10K,6.85%,100
7/1/2018,573.72,579.15,586.35,570.85,0.05K,-0.94%,50
6/30/2018,579.15,552.77,586.2,552.54,0.11K,4.77%,110
6/29/2018,552.77,542.95,552.77,525,0.25K,1.81%,250
6/28/2018,542.95,574.5,575.2,542.37,0.12K,-5.49%,120
6/27/2018,574.5,564.85,574.5,550,0.09K,1.71%,90
6/26/2018,564.85,602.83,606.28,562.37,-,-6.30%,0
6/25/2018,602.83,599.06,616.08,588.1,0.13K,0.63%,130
6/24/2018,599.06,613.95,613.95,550,0.41K,-2.43%,410
6/23/2018,613.95,600.84,613.95,593.5,0.04K,2.18%,40
6/22/2018,600.84,682.9,684.28,585.01,0.34K,-12.02%,340
6/21/2018,682.9,697,701,677,0.44K,-2.02%,440
6/20/2018,697,696.76,698,669.69,0.20K,0.03%,200
6/19/2018,696.76,667.32,707.48,661.43,0.23K,4.41%,230
6/18/2018,667.32,642.11,684.5,639.86,0.26K,3.93%,260
6/17/2018,642.11,647.13,663.32,642.11,0.11K,-0.78%,110
6/16/2018,647.13,633.86,654.5,630,0.08K,2.09%,80
6/15/2018,633.86,664.88,671.3,628.9,0.27K,-4.67%,270
6/14/2018,664.88,609.2,688.26,600,0.35K,9.14%,350
6/13/2018,609.2,621.22,633.32,575.1,0.46K,-1.93%,460
6/12/2018,621.22,674.69,687.64,612.93,0.15K,-7.93%,150
6/11/2018,674.69,665,680.8,640.15,0.15K,1.46%,150
6/10/2018,665,749.8,749.8,640.21,0.18K,-11.31%,180
6/9/2018,749.8,745.01,760.51,745.01,0.05K,0.64%,50
6/8/2018,745.01,748,755,745,0.04K,-0.40%,40
6/7/2018,748,760,765,748,0.20K,-1.58%,200
6/6/2018,760,760.35,771.57,749.23,0.16K,-0.05%,160
6/5/2018,760.35,742.07,769,732.58,0.17K,2.46%,170
6/4/2018,742.07,770.37,772.15,733.1,0.29K,-3.67%,290
6/3/2018,770.37,743.36,783.34,739.92,0.10K,3.63%,100
6/2/2018,743.36,706.9,745,706.9,0.11K,5.16%,110
6/1/2018,706.9,718.78,733.59,700.79,0.07K,-1.65%,70
5/31/2018,718.78,690.39,738.22,685.47,0.09K,4.11%,90
5/30/2018,690.39,702.07,738.24,676.01,0.11K,-1.66%,110
5/29/2018,702.07,657.86,719.99,646.38,0.15K,6.72%,150
5/28/2018,657.86,733.61,733.61,639,0.37K,-10.33%,370
5/27/2018,733.61,743.6,758.49,710,0.18K,-1.34%,180
5/26/2018,743.6,738.73,785,738.73,0.12K,0.66%,120
5/25/2018,738.73,739.8,783.26,722.09,0.28K,-0.14%,280
5/24/2018,739.8,724.32,754.43,684.96,0.18K,2.14%,180
5/23/2018,724.32,797.25,813.46,711,0.19K,-9.15%,190
5/22/2018,797.25,840,880,797.25,0.22K,-5.09%,220
5/21/2018,840,870,886.02,840,0.08K,-3.45%,80
5/20/2018,870,862.69,892.84,851.03,0.13K,0.85%,130
5/19/2018,862.69,867.99,884.55,850.58,0.05K,-0.61%,50
5/18/2018,867.99,830.05,867.99,820,0.17K,4.57%,170
5/17/2018,830.05,882.44,891.8,830,0.06K,-5.94%,60
5/16/2018,882.44,890.53,904.05,850.04,0.16K,-0.91%,160
5/15/2018,890.53,903.04,932.63,886.68,0.21K,-1.39%,210
5/14/2018,903.04,920.98,940.31,872,0.23K,-1.95%,230
5/13/2018,920.98,860.61,928.88,836.17,0.05K,7.01%,50
5/12/2018,860.61,852.82,860.61,815,0.05K,0.91%,50
5/11/2018,852.82,915,917.81,830,0.25K,-6.80%,250
5/10/2018,915,923.87,952,911.33,0.05K,-0.96%,50
5/9/2018,923.87,944.82,950,905.02,0.10K,-2.22%,100
5/8/2018,944.82,908.27,964,908,0.10K,4.02%,100
5/7/2018,908.27,965.75,"1,000.00",883.02,0.38K,-5.95%,380
5/6/2018,965.75,985.38,"1,003.72",924.94,0.14K,-1.99%,140
5/5/2018,985.38,967.08,994.78,955,0.05K,1.89%,50
5/4/2018,967.08,937.85,987.52,921,0.13K,3.12%,130
5/3/2018,937.85,854,950,846.26,0.60K,9.82%,600
5/2/2018,854,844.84,854,829.47,0.16K,1.08%,160
5/1/2018,844.84,833.6,845,793.34,0.10K,1.35%,100
4/30/2018,833.6,870.99,875,819.14,0.13K,-4.29%,130
4/29/2018,870.99,854.7,874.94,832.95,0.07K,1.91%,70
4/28/2018,854.7,814.02,860,814,0.09K,5.00%,90
4/27/2018,814.02,825,869.82,807.36,-,-1.33%,0
4/26/2018,825,750.34,825.88,741.18,0.21K,9.95%,210
4/25/2018,750.34,763.1,794,702,0.42K,-1.67%,420
4/24/2018,763.1,735.34,794,735.34,0.32K,3.78%,320
4/23/2018,735.34,730,753.58,710.11,0.20K,0.73%,200
4/22/2018,730,714.08,799.35,701.24,0.16K,2.23%,160
4/21/2018,714.08,690,"1,041.07",688.36,0.62K,3.49%,620
4/20/2018,690,679.99,690,660,0.56K,1.47%,560
4/19/2018,679.99,642,679.99,636.35,0.43K,5.92%,430
4/18/2018,642,615,642,615,0.14K,4.39%,140
4/17/2018,615,626.9,645,613.19,0.09K,-1.90%,90
4/16/2018,626.9,644,674.99,601.14,0.26K,-2.66%,260
4/15/2018,644,616.62,644,601.72,0.07K,4.44%,70
4/14/2018,616.62,605.25,629.93,592.73,0.07K,1.88%,70
4/13/2018,605.25,607.99,653.54,588.83,0.43K,-0.45%,430
4/12/2018,607.99,514.71,680.78,505.1,0.50K,18.12%,500
4/11/2018,514.71,512.55,523.92,504.18,0.28K,0.42%,280
4/10/2018,512.55,485.03,530,481,0.33K,5.67%,330
4/9/2018,485.03,499.98,532.58,485,0.41K,-2.99%,410
4/8/2018,499.98,486.22,499.99,486.22,0.38K,2.83%,380
4/7/2018,486.22,459.32,497.77,459.32,0.22K,5.86%,220
4/6/2018,459.32,480.23,482.19,458.12,0.14K,-4.35%,140
4/5/2018,480.23,480.12,486.42,463.13,0.16K,0.02%,160
4/4/2018,480.12,529.17,530.09,475,0.14K,-9.27%,140
4/3/2018,529.17,492.91,540.83,480.48,0.25K,7.36%,250
4/2/2018,492.91,479.5,505.65,479.5,0.09K,2.80%,90
4/1/2018,479.5,498.61,509.65,468,0.11K,-3.83%,110
3/31/2018,498.61,507.3,546.57,498.61,0.27K,-1.71%,270
3/30/2018,507.3,500.5,525,471.13,1.36K,1.36%,1360
3/29/2018,500.5,575.02,588.35,500,2.08K,-12.96%,2080
3/28/2018,575.02,575,605.49,569.71,0.14K,0.00%,140
3/27/2018,575,636.87,637.31,571.07,0.39K,-9.71%,390
3/26/2018,636.87,665.88,671.89,601.7,0.44K,-4.36%,440
3/25/2018,665.88,659.76,676,654.45,0.03K,0.93%,30
3/24/2018,659.76,691.17,696.91,659.76,0.10K,-4.54%,100
3/23/2018,691.17,696.98,696.98,641.06,0.16K,-0.83%,160
3/22/2018,696.98,709.51,744.94,626,0.23K,-1.77%,230
3/21/2018,709.51,708.42,768.99,700,0.20K,0.15%,200
3/20/2018,708.42,705,716.37,660,0.17K,0.49%,170
3/19/2018,705,681.04,773.91,624,0.20K,3.52%,200
3/18/2018,681.04,705.74,705.74,590.01,0.43K,-3.50%,430
3/17/2018,705.74,781.54,793.2,705,0.11K,-9.70%,110
3/16/2018,781.54,784,815.1,770,0.11K,-0.31%,110
3/15/2018,784,789.74,796,706,0.65K,-0.73%,650
3/14/2018,789.74,832.01,880,761,0.55K,-5.08%,550
3/13/2018,832.01,796,887.99,796,0.21K,4.52%,210
3/12/2018,796,880,898.6,796,0.07K,-9.55%,70
3/11/2018,880,879.31,907,846.99,0.09K,0.08%,90
3/10/2018,879.31,856.25,947.04,796,0.07K,2.69%,70
3/9/2018,856.25,898.92,903.86,775,0.46K,-4.75%,460
3/8/2018,898.92,966,989.99,890,0.28K,-6.94%,280